ds,y,promo,store_id
2022-01-01,46.73,0,store_1
2022-01-02,92.13,1,store_1
2022-01-03,50.16,0,store_1
2022-01-04,51.37,0,store_1
2022-01-05,62.23,0,store_1
2022-01-06,53.57,0,store_1
2022-01-07,40.46,0,store_1
2022-01-08,48.93,0,store_1
2022-01-09,45.22,0,store_1
2022-01-10,52.0,0,store_1
2022-01-11,59.08,0,store_1
2022-01-12,132.25,1,store_1
2022-01-13,59.02,0,store_1
2022-01-14,48.79,0,store_1
2022-01-15,49.24,0,store_1
2022-01-16,47.74,0,store_1
2022-01-17,57.23,0,store_1
2022-01-18,62.28,0,store_1
2022-01-19,56.32,0,store_1
2022-01-20,62.58,0,store_1
2022-01-21,49.87,0,store_1
2022-01-22,51.89,0,store_1
2022-01-23,51.7,0,store_1
2022-01-24,63.83,0,store_1
2022-01-25,60.02,0,store_1
2022-01-26,60.91,0,store_1
2022-01-27,59.16,0,store_1
2022-01-28,52.3,0,store_1
2022-01-29,53.33,0,store_1
2022-01-30,44.96,0,store_1
2022-01-31,52.38,0,store_1
2022-02-01,57.44,0,store_1
2022-02-02,69.26,0,store_1
2022-02-03,69.18,0,store_1
2022-02-04,118.89,1,store_1
2022-02-05,50.75,0,store_1
2022-02-06,53.28,0,store_1
2022-02-07,64.12,0,store_1
2022-02-08,59.61,0,store_1
2022-02-09,67.24,0,store_1
2022-02-10,67.22,0,store_1
2022-02-11,58.62,0,store_1
2022-02-12,53.47,0,store_1
2022-02-13,58.57,0,store_1
2022-02-14,47.05,0,store_1
2022-02-15,69.44,0,store_1
2022-02-16,63.93,0,store_1
2022-02-17,54.4,0,store_1
2022-02-18,59.95,0,store_1
2022-02-19,59.72,0,store_1
2022-02-20,122.55,1,store_1
2022-02-21,65.94,0,store_1
2022-02-22,75.87,0,store_1
2022-02-23,76.05,0,store_1
2022-02-24,73.5,0,store_1
2022-02-25,62.18,0,store_1
2022-02-26,55.14,0,store_1
2022-02-27,49.16,0,store_1
2022-02-28,61.15,0,store_1
2022-03-01,63.77,0,store_1
2022-03-02,82.15,0,store_1
2022-03-03,65.14,0,store_1
2022-03-04,60.25,0,store_1
2022-03-05,58.15,0,store_1
2022-03-06,57.47,0,store_1
2022-03-07,71.91,0,store_1
2022-03-08,65.95,0,store_1
2022-03-09,72.11,0,store_1
2022-03-10,63.02,0,store_1
2022-03-11,121.94,1,store_1
2022-03-12,53.67,0,store_1
2022-03-13,57.83,0,store_1
2022-03-14,61.91,0,store_1
2022-03-15,66.34,0,store_1
2022-03-16,63.75,0,store_1
2022-03-17,67.3,0,store_1
2022-03-18,53.77,0,store_1
2022-03-19,60.48,0,store_1
2022-03-20,58.97,0,store_1
2022-03-21,57.18,0,store_1
2022-03-22,69.12,0,store_1
2022-03-23,68.09,0,store_1
2022-03-24,70.05,0,store_1
2022-03-25,68.21,0,store_1
2022-03-26,48.82,0,store_1
2022-03-27,59.54,0,store_1
2022-03-28,64.32,0,store_1
2022-03-29,75.14,0,store_1
2022-03-30,74.12,0,store_1
2022-03-31,64.55,0,store_1
2022-04-01,60.33,0,store_1
2022-04-02,54.02,0,store_1
2022-04-03,64.34,0,store_1
2022-04-04,65.5,0,store_1
2022-04-05,82.43,0,store_1
2022-04-06,72.73,0,store_1
2022-04-07,64.94,0,store_1
2022-04-08,54.52,0,store_1
2022-04-09,49.45,0,store_1
2022-04-10,51.79,0,store_1
2022-04-11,66.84,0,store_1
2022-04-12,74.49,0,store_1
2022-04-13,63.83,0,store_1
2022-04-14,73.74,0,store_1
2022-04-15,59.59,0,store_1
2022-04-16,58.39,0,store_1
2022-04-17,66.84,0,store_1
2022-04-18,69.99,0,store_1
2022-04-19,69.86,0,store_1
2022-04-20,67.67,0,store_1
2022-04-21,56.78,0,store_1
2022-04-22,58.2,0,store_1
2022-04-23,56.51,0,store_1
2022-04-24,54.28,0,store_1
2022-04-25,64.3,0,store_1
2022-04-26,71.45,0,store_1
2022-04-27,71.14,0,store_1
2022-04-28,64.62,0,store_1
2022-04-29,62.17,0,store_1
2022-04-30,59.09,0,store_1
2022-05-01,53.4,0,store_1
2022-05-02,71.75,0,store_1
2022-05-03,69.88,0,store_1
2022-05-04,71.93,0,store_1
2022-05-05,71.38,0,store_1
2022-05-06,61.91,0,store_1
2022-05-07,60.83,0,store_1
2022-05-08,59.24,0,store_1
2022-05-09,60.68,0,store_1
2022-05-10,71.68,0,store_1
2022-05-11,64.52,0,store_1
2022-05-12,67.35,0,store_1
2022-05-13,59.89,0,store_1
2022-05-14,54.89,0,store_1
2022-05-15,56.59,0,store_1
2022-05-16,53.49,0,store_1
2022-05-17,65.71,0,store_1
2022-05-18,70.56,0,store_1
2022-05-19,66.66,0,store_1
2022-05-20,102.9,1,store_1
2022-05-21,138.78,1,store_1
2022-05-22,52.4,0,store_1
2022-05-23,66.79,0,store_1
2022-05-24,69.95,0,store_1
2022-05-25,65.33,0,store_1
2022-05-26,73.92,0,store_1
2022-05-27,52.62,0,store_1
2022-05-28,58.02,0,store_1
2022-05-29,59.74,0,store_1
2022-05-30,57.61,0,store_1
2022-05-31,73.8,0,store_1
2022-06-01,66.26,0,store_1
2022-06-02,64.97,0,store_1
2022-06-03,58.24,0,store_1
2022-06-04,117.27,1,store_1
2022-06-05,57.73,0,store_1
2022-06-06,63.44,0,store_1
2022-06-07,55.95,0,store_1
2022-06-08,73.13,0,store_1
2022-06-09,53.9,0,store_1
2022-06-10,60.45,0,store_1
2022-06-11,56.52,0,store_1
2022-06-12,48.41,0,store_1
2022-06-13,56.42,0,store_1
2022-06-14,57.97,0,store_1
2022-06-15,63.61,0,store_1
2022-06-16,59.25,0,store_1
2022-06-17,57.95,0,store_1
2022-06-18,55.95,0,store_1
2022-06-19,57.57,0,store_1
2022-06-20,54.38,0,store_1
2022-06-21,61.03,0,store_1
2022-06-22,54.65,0,store_1
2022-06-23,55.44,0,store_1
2022-06-24,57.31,0,store_1
2022-06-25,55.76,0,store_1
2022-06-26,45.5,0,store_1
2022-06-27,52.88,0,store_1
2022-06-28,60.36,0,store_1
2022-06-29,62.91,0,store_1
2022-06-30,54.0,0,store_1
2022-07-01,53.58,0,store_1
2022-07-02,46.27,0,store_1
2022-07-03,49.11,0,store_1
2022-07-04,56.4,0,store_1
2022-07-05,58.91,0,store_1
2022-07-06,57.81,0,store_1
2022-07-07,55.7,0,store_1
2022-07-08,50.08,0,store_1
2022-07-09,45.41,0,store_1
2022-07-10,46.84,0,store_1
2022-07-11,59.3,0,store_1
2022-07-12,59.85,0,store_1
2022-07-13,56.89,0,store_1
2022-07-14,57.71,0,store_1
2022-07-15,47.74,0,store_1
2022-07-16,49.78,0,store_1
2022-07-17,47.89,0,store_1
2022-07-18,50.69,0,store_1
2022-07-19,57.7,0,store_1
2022-07-20,49.54,0,store_1
2022-07-21,48.36,0,store_1
2022-07-22,43.15,0,store_1
2022-07-23,44.77,0,store_1
2022-07-24,51.51,0,store_1
2022-07-25,58.61,0,store_1
2022-07-26,56.95,0,store_1
2022-07-27,57.32,0,store_1
2022-07-28,44.26,0,store_1
2022-07-29,44.4,0,store_1
2022-07-30,40.35,0,store_1
2022-07-31,41.84,0,store_1
2022-08-01,47.75,0,store_1
2022-08-02,50.75,0,store_1
2022-08-03,45.16,0,store_1
2022-08-04,53.36,0,store_1
2022-08-05,41.32,0,store_1
2022-08-06,42.75,0,store_1
2022-08-07,50.01,0,store_1
2022-08-08,43.69,0,store_1
2022-08-09,41.0,0,store_1
2022-08-10,51.11,0,store_1
2022-08-11,53.41,0,store_1
2022-08-12,50.98,0,store_1
2022-08-13,36.89,0,store_1
2022-08-14,43.52,0,store_1
2022-08-15,101.82,1,store_1
2022-08-16,49.76,0,store_1
2022-08-17,61.89,0,store_1
2022-08-18,42.19,0,store_1
2022-08-19,43.95,0,store_1
2022-08-20,41.5,0,store_1
2022-08-21,44.49,0,store_1
2022-08-22,45.39,0,store_1
2022-08-23,50.33,0,store_1
2022-08-24,48.45,0,store_1
2022-08-25,47.99,0,store_1
2022-08-26,41.05,0,store_1
2022-08-27,41.17,0,store_1
2022-08-28,38.96,0,store_1
2022-08-29,45.52,0,store_1
2022-08-30,103.14,1,store_1
2022-08-31,53.55,0,store_1
2022-09-01,45.97,0,store_1
2022-09-02,35.61,0,store_1
2022-09-03,42.47,0,store_1
2022-09-04,36.64,0,store_1
2022-09-05,89.95,1,store_1
2022-09-06,99.25,1,store_1
2022-09-07,53.74,0,store_1
2022-09-08,37.74,0,store_1
2022-09-09,51.23,0,store_1
2022-09-10,41.3,0,store_1
2022-09-11,39.72,0,store_1
2022-09-12,42.81,0,store_1
2022-09-13,48.05,0,store_1
2022-09-14,49.91,0,store_1
2022-09-15,47.4,0,store_1
2022-09-16,42.38,0,store_1
2022-09-17,38.03,0,store_1
2022-09-18,38.1,0,store_1
2022-09-19,81.71,1,store_1
2022-09-20,45.94,0,store_1
2022-09-21,51.95,0,store_1
2022-09-22,46.96,0,store_1
2022-09-23,30.88,0,store_1
2022-09-24,39.58,0,store_1
2022-09-25,39.19,0,store_1
2022-09-26,42.51,0,store_1
2022-09-27,45.12,0,store_1
2022-09-28,51.84,0,store_1
2022-09-29,48.2,0,store_1
2022-09-30,37.89,0,store_1
2022-10-01,38.86,0,store_1
2022-10-02,35.64,0,store_1
2022-10-03,37.96,0,store_1
2022-10-04,44.36,0,store_1
2022-10-05,51.02,0,store_1
2022-10-06,48.42,0,store_1
2022-10-07,42.25,0,store_1
2022-10-08,40.04,0,store_1
2022-10-09,40.49,0,store_1
2022-10-10,40.76,0,store_1
2022-10-11,48.68,0,store_1
2022-10-12,51.2,0,store_1
2022-10-13,48.14,0,store_1
2022-10-14,44.87,0,store_1
2022-10-15,40.4,0,store_1
2022-10-16,40.41,0,store_1
2022-10-17,47.18,0,store_1
2022-10-18,47.53,0,store_1
2022-10-19,45.31,0,store_1
2022-10-20,45.42,0,store_1
2022-10-21,39.08,0,store_1
2022-10-22,36.71,0,store_1
2022-10-23,39.46,0,store_1
2022-10-24,41.36,0,store_1
2022-10-25,47.24,0,store_1
2022-10-26,42.08,0,store_1
2022-10-27,47.64,0,store_1
2022-10-28,42.33,0,store_1
2022-10-29,36.96,0,store_1
2022-10-30,42.86,0,store_1
2022-10-31,48.44,0,store_1
2022-11-01,43.09,0,store_1
2022-11-02,82.49,1,store_1
2022-11-03,44.93,0,store_1
2022-11-04,40.03,0,store_1
2022-11-05,43.14,0,store_1
2022-11-06,41.02,0,store_1
2022-11-07,45.17,0,store_1
2022-11-08,42.54,0,store_1
2022-11-09,54.57,0,store_1
2022-11-10,101.49,1,store_1
2022-11-11,44.62,0,store_1
2022-11-12,42.45,0,store_1
2022-11-13,47.45,0,store_1
2022-11-14,42.44,0,store_1
2022-11-15,39.49,0,store_1
2022-11-16,54.18,0,store_1
2022-11-17,57.77,0,store_1
2022-11-18,50.22,0,store_1
2022-11-19,43.46,0,store_1
2022-11-20,42.32,0,store_1
2022-11-21,96.32,1,store_1
2022-11-22,49.47,0,store_1
2022-11-23,57.12,0,store_1
2022-11-24,54.16,0,store_1
2022-11-25,51.11,0,store_1
2022-11-26,53.82,0,store_1
2022-11-27,46.88,0,store_1
2022-11-28,48.34,0,store_1
2022-11-29,55.26,0,store_1
2022-11-30,48.77,0,store_1
2022-12-01,50.77,0,store_1
2022-12-02,47.07,0,store_1
2022-12-03,43.64,0,store_1
2022-12-04,47.54,0,store_1
2022-12-05,48.65,0,store_1
2022-12-06,62.36,0,store_1
2022-12-07,58.73,0,store_1
2022-12-08,55.54,0,store_1
2022-12-09,49.0,0,store_1
2022-12-10,47.68,0,store_1
2022-12-11,51.78,0,store_1
2022-12-12,50.12,0,store_1
2022-12-13,56.08,0,store_1
2022-12-14,59.27,0,store_1
2022-12-15,51.31,0,store_1
2022-12-16,48.65,0,store_1
2022-12-17,46.87,0,store_1
2022-12-18,53.77,0,store_1
2022-12-19,56.9,0,store_1
2022-12-20,62.2,0,store_1
2022-12-21,67.13,0,store_1
2022-12-22,58.83,0,store_1
2022-12-23,55.54,0,store_1
2022-12-24,50.0,0,store_1
2022-12-25,53.09,0,store_1
2022-12-26,54.96,0,store_1
2022-12-27,51.0,0,store_1
2022-12-28,64.31,0,store_1
2022-12-29,68.53,0,store_1
2022-12-30,59.83,0,store_1
2022-12-31,56.16,0,store_1
2023-01-01,59.13,0,store_1
2023-01-02,101.25,1,store_1
2023-01-03,66.6,0,store_1
2023-01-04,63.94,0,store_1
2023-01-05,62.04,0,store_1
2023-01-06,60.45,0,store_1
2023-01-07,59.1,0,store_1
2023-01-08,54.96,0,store_1
2023-01-09,59.39,0,store_1
2023-01-10,67.7,0,store_1
2023-01-11,72.78,0,store_1
2023-01-12,58.11,0,store_1
2023-01-13,48.53,0,store_1
2023-01-14,53.18,0,store_1
2023-01-15,51.73,0,store_1
2023-01-16,60.96,0,store_1
2023-01-17,68.98,0,store_1
2023-01-18,68.99,0,store_1
2023-01-19,75.57,0,store_1
2023-01-20,62.86,0,store_1
2023-01-21,58.68,0,store_1
2023-01-22,61.99,0,store_1
2023-01-23,59.46,0,store_1
2023-01-24,77.82,0,store_1
2023-01-25,73.22,0,store_1
2023-01-26,140.69,1,store_1
2023-01-27,57.61,0,store_1
2023-01-28,51.6,0,store_1
2023-01-29,64.67,0,store_1
2023-01-30,69.26,0,store_1
2023-01-31,68.49,0,store_1
2023-02-01,70.39,0,store_1
2023-02-02,77.96,0,store_1
2023-02-03,58.52,0,store_1
2023-02-04,68.4,0,store_1
2023-02-05,57.77,0,store_1
2023-02-06,72.47,0,store_1
2023-02-07,73.68,0,store_1
2023-02-08,81.27,0,store_1
2023-02-09,70.08,0,store_1
2023-02-10,65.37,0,store_1
2023-02-11,62.1,0,store_1
2023-02-12,58.61,0,store_1
2023-02-13,74.71,0,store_1
2023-02-14,74.21,0,store_1
2023-02-15,77.82,0,store_1
2023-02-16,139.7,1,store_1
2023-02-17,112.23,1,store_1
2023-02-18,62.24,0,store_1
2023-02-19,77.61,0,store_1
2023-02-20,76.5,0,store_1
2023-02-21,78.83,0,store_1
2023-02-22,79.13,0,store_1
2023-02-23,76.47,0,store_1
2023-02-24,71.97,0,store_1
2023-02-25,58.31,0,store_1
2023-02-26,72.14,0,store_1
2023-02-27,77.46,0,store_1
2023-02-28,84.94,0,store_1
2023-03-01,85.1,0,store_1
2023-03-02,77.73,0,store_1
2023-03-03,73.85,0,store_1
2023-03-04,68.51,0,store_1
2023-03-05,65.36,0,store_1
2023-03-06,70.96,0,store_1
2023-03-07,82.18,0,store_1
2023-03-08,93.73,0,store_1
2023-03-09,70.89,0,store_1
2023-03-10,62.69,0,store_1
2023-03-11,67.14,0,store_1
2023-03-12,68.4,0,store_1
2023-03-13,76.34,0,store_1
2023-03-14,84.09,0,store_1
2023-03-15,82.85,0,store_1
2023-03-16,89.04,0,store_1
2023-03-17,62.59,0,store_1
2023-03-18,134.08,1,store_1
2023-03-19,68.22,0,store_1
2023-03-20,66.01,0,store_1
2023-03-21,82.05,0,store_1
2023-03-22,96.39,0,store_1
2023-03-23,165.02,1,store_1
2023-03-24,73.67,0,store_1
2023-03-25,60.64,0,store_1
2023-03-26,65.85,0,store_1
2023-03-27,74.2,0,store_1
2023-03-28,81.61,0,store_1
2023-03-29,94.33,0,store_1
2023-03-30,84.23,0,store_1
2023-03-31,66.23,0,store_1
2023-04-01,69.08,0,store_1
2023-04-02,72.32,0,store_1
2023-04-03,83.78,0,store_1
2023-04-04,94.62,0,store_1
2023-04-05,78.83,0,store_1
2023-04-06,75.58,0,store_1
2023-04-07,65.5,0,store_1
2023-04-08,66.58,0,store_1
2023-04-09,72.22,0,store_1
2023-04-10,156.07,1,store_1
2023-04-11,83.51,0,store_1
2023-04-12,83.59,0,store_1
2023-04-13,81.76,0,store_1
2023-04-14,67.9,0,store_1
2023-04-15,153.33,1,store_1
2023-04-16,60.56,0,store_1
2023-04-17,130.41,1,store_1
2023-04-18,97.37,0,store_1
2023-04-19,85.58,0,store_1
2023-04-20,79.28,0,store_1
2023-04-21,122.12,1,store_1
2023-04-22,66.49,0,store_1
2023-04-23,76.78,0,store_1
2023-04-24,111.33,1,store_1
2023-04-25,93.57,0,store_1
2023-04-26,75.34,0,store_1
2023-04-27,78.29,0,store_1
2023-04-28,69.53,0,store_1
2023-04-29,70.15,0,store_1
2023-04-30,59.88,0,store_1
2023-05-01,78.47,0,store_1
2023-05-02,96.05,0,store_1
2023-05-03,75.1,0,store_1
2023-05-04,192.37,1,store_1
2023-05-05,67.55,0,store_1
2023-05-06,68.59,0,store_1
2023-05-07,68.07,0,store_1
2023-05-08,71.03,0,store_1
2023-05-09,84.95,0,store_1
2023-05-10,95.37,0,store_1
2023-05-11,77.15,0,store_1
2023-05-12,74.52,0,store_1
2023-05-13,58.73,0,store_1
2023-05-14,135.04,1,store_1
2023-05-15,158.17,1,store_1
2023-05-16,90.22,0,store_1
2023-05-17,84.52,0,store_1
2023-05-18,75.3,0,store_1
2023-05-19,69.43,0,store_1
2023-05-20,58.07,0,store_1
2023-05-21,69.26,0,store_1
2023-05-22,77.86,0,store_1
2023-05-23,76.48,0,store_1
2023-05-24,77.79,0,store_1
2023-05-25,77.55,0,store_1
2023-05-26,65.86,0,store_1
2023-05-27,63.07,0,store_1
2023-05-28,75.79,0,store_1
2023-05-29,70.0,0,store_1
2023-05-30,75.66,0,store_1
2023-05-31,75.21,0,store_1
2023-06-01,78.93,0,store_1
2023-06-02,65.95,0,store_1
2023-06-03,109.98,1,store_1
2023-06-04,70.32,0,store_1
2023-06-05,77.91,0,store_1
2023-06-06,72.63,0,store_1
2023-06-07,135.19,1,store_1
2023-06-08,78.79,0,store_1
2023-06-09,61.9,0,store_1
2023-06-10,64.65,0,store_1
2023-06-11,52.39,0,store_1
2023-06-12,73.29,0,store_1
2023-06-13,67.35,0,store_1
2023-06-14,80.33,0,store_1
2023-06-15,71.32,0,store_1
2023-06-16,119.86,1,store_1
2023-06-17,96.35,1,store_1
2023-06-18,64.05,0,store_1
2023-06-19,67.33,0,store_1
2023-06-20,76.17,0,store_1
2023-06-21,85.74,0,store_1
2023-06-22,60.78,0,store_1
2023-06-23,70.44,0,store_1
2023-06-24,58.36,0,store_1
2023-06-25,105.42,1,store_1
2023-06-26,58.14,0,store_1
2023-06-27,69.82,0,store_1
2023-06-28,77.44,0,store_1
2023-06-29,66.98,0,store_1
2023-06-30,68.08,0,store_1
2023-07-01,49.81,0,store_1
2023-07-02,57.55,0,store_1
2023-07-03,56.98,0,store_1
2023-07-04,71.0,0,store_1
2023-07-05,75.15,0,store_1
2023-07-06,63.62,0,store_1
2023-07-07,46.77,0,store_1
2023-07-08,55.69,0,store_1
2023-07-09,57.99,0,store_1
2023-07-10,63.57,0,store_1
2023-07-11,73.72,0,store_1
2023-07-12,62.39,0,store_1
2023-07-13,67.49,0,store_1
2023-07-14,62.92,0,store_1
2023-07-15,45.71,0,store_1
2023-07-16,55.86,0,store_1
2023-07-17,57.45,0,store_1
2023-07-18,64.79,0,store_1
2023-07-19,68.17,0,store_1
2023-07-20,59.8,0,store_1
2023-07-21,52.82,0,store_1
2023-07-22,51.94,0,store_1
2023-07-23,48.34,0,store_1
2023-07-24,53.14,0,store_1
2023-07-25,66.85,0,store_1
2023-07-26,58.56,0,store_1
2023-07-27,63.72,0,store_1
2023-07-28,56.3,0,store_1
2023-07-29,43.42,0,store_1
2023-07-30,48.7,0,store_1
2023-07-31,62.01,0,store_1
2023-08-01,56.84,0,store_1
2023-08-02,60.41,0,store_1
2023-08-03,61.04,0,store_1
2023-08-04,56.15,0,store_1
2023-08-05,92.37,1,store_1
2023-08-06,47.74,0,store_1
2023-08-07,61.39,0,store_1
2023-08-08,68.43,0,store_1
2023-08-09,65.91,0,store_1
2023-08-10,57.75,0,store_1
2023-08-11,48.17,0,store_1
2023-08-12,44.63,0,store_1
2023-08-13,50.93,0,store_1
2023-08-14,55.56,0,store_1
2023-08-15,65.18,0,store_1
2023-08-16,62.75,0,store_1
2023-08-17,49.26,0,store_1
2023-08-18,54.52,0,store_1
2023-08-19,42.97,0,store_1
2023-08-20,46.3,0,store_1
2023-08-21,53.61,0,store_1
2023-08-22,66.46,0,store_1
2023-08-23,72.87,0,store_1
2023-08-24,57.46,0,store_1
2023-08-25,48.52,0,store_1
2023-08-26,47.69,0,store_1
2023-08-27,50.13,0,store_1
2023-08-28,50.2,0,store_1
2023-08-29,64.28,0,store_1
2023-08-30,58.31,0,store_1
2023-08-31,55.94,0,store_1
2023-09-01,50.93,0,store_1
2023-09-02,46.46,0,store_1
2023-09-03,49.11,0,store_1
2023-09-04,48.17,0,store_1
2023-09-05,52.85,0,store_1
2023-09-06,51.42,0,store_1
2023-09-07,54.86,0,store_1
2023-09-08,50.64,0,store_1
2023-09-09,45.95,0,store_1
2023-09-10,51.5,0,store_1
2023-09-11,50.02,0,store_1
2023-09-12,57.58,0,store_1
2023-09-13,50.87,0,store_1
2023-09-14,50.81,0,store_1
2023-09-15,49.81,0,store_1
2023-09-16,46.88,0,store_1
2023-09-17,43.95,0,store_1
2023-09-18,49.34,0,store_1
2023-09-19,47.65,0,store_1
2023-09-20,53.76,0,store_1
2023-09-21,55.8,0,store_1
2023-09-22,49.07,0,store_1
2023-09-23,45.43,0,store_1
2023-09-24,44.99,0,store_1
2023-09-25,49.46,0,store_1
2023-09-26,51.21,0,store_1
2023-09-27,58.29,0,store_1
2023-09-28,53.75,0,store_1
2023-09-29,48.7,0,store_1
2023-09-30,41.82,0,store_1
2023-10-01,37.1,0,store_1
2023-10-02,53.83,0,store_1
2023-10-03,52.08,0,store_1
2023-10-04,51.52,0,store_1
2023-10-05,55.05,0,store_1
2023-10-06,45.56,0,store_1
2023-10-07,47.57,0,store_1
2023-10-08,47.28,0,store_1
2023-10-09,52.49,0,store_1
2023-10-10,48.55,0,store_1
2023-10-11,61.14,0,store_1
2023-10-12,53.67,0,store_1
2023-10-13,46.04,0,store_1
2023-10-14,44.77,0,store_1
2023-10-15,39.03,0,store_1
2023-10-16,51.94,0,store_1
2023-10-17,50.58,0,store_1
2023-10-18,50.29,0,store_1
2023-10-19,46.75,0,store_1
2023-10-20,52.34,0,store_1
2023-10-21,42.61,0,store_1
2023-10-22,51.82,0,store_1
2023-10-23,48.87,0,store_1
2023-10-24,96.21,1,store_1
2023-10-25,52.2,0,store_1
2023-10-26,59.49,0,store_1
2023-10-27,48.3,0,store_1
2023-10-28,43.68,0,store_1
2023-10-29,47.63,0,store_1
2023-10-30,54.14,0,store_1
2023-10-31,62.21,0,store_1
2023-11-01,65.27,0,store_1
2023-11-02,53.68,0,store_1
2023-11-03,44.66,0,store_1
2023-11-04,45.15,0,store_1
2023-11-05,49.09,0,store_1
2023-11-06,49.15,0,store_1
2023-11-07,120.26,1,store_1
2023-11-08,61.56,0,store_1
2023-11-09,56.41,0,store_1
2023-11-10,114.49,1,store_1
2023-11-11,44.99,0,store_1
2023-11-12,48.43,0,store_1
2023-11-13,50.62,0,store_1
2023-11-14,64.3,0,store_1
2023-11-15,66.64,0,store_1
2023-11-16,49.61,0,store_1
2023-11-17,48.74,0,store_1
2023-11-18,43.36,0,store_1
2023-11-19,48.12,0,store_1
2023-11-20,55.88,0,store_1
2023-11-21,54.63,0,store_1
2023-11-22,58.71,0,store_1
2023-11-23,55.14,0,store_1
2023-11-24,55.16,0,store_1
2023-11-25,51.05,0,store_1
2023-11-26,49.31,0,store_1
2023-11-27,58.84,0,store_1
2023-11-28,60.96,0,store_1
2023-11-29,63.97,0,store_1
2023-11-30,70.16,0,store_1
2023-12-01,62.02,0,store_1
2023-12-02,46.97,0,store_1
2023-12-03,57.63,0,store_1
2023-12-04,63.81,0,store_1
2023-12-05,59.8,0,store_1
2023-12-06,71.99,0,store_1
2023-12-07,157.26,1,store_1
2023-12-08,52.69,0,store_1
2023-12-09,50.2,0,store_1
2023-12-10,60.41,0,store_1
2023-12-11,63.29,0,store_1
2023-12-12,71.09,0,store_1
2023-12-13,71.76,0,store_1
2023-12-14,68.18,0,store_1
2023-12-15,53.51,0,store_1
2023-12-16,60.72,0,store_1
2023-12-17,63.18,0,store_1
2023-12-18,62.89,0,store_1
2023-12-19,113.44,1,store_1
2023-12-20,63.4,0,store_1
2023-12-21,71.19,0,store_1
2023-12-22,64.74,0,store_1
2023-12-23,57.65,0,store_1
2023-12-24,65.12,0,store_1
2023-12-25,64.48,0,store_1
2023-12-26,76.1,0,store_1
2023-12-27,68.61,0,store_1
2023-12-28,70.56,0,store_1
2023-12-29,63.11,0,store_1
2023-12-30,60.98,0,store_1
2023-12-31,59.93,0,store_1
2024-01-01,67.82,0,store_1
2024-01-02,80.3,0,store_1
2024-01-03,74.57,0,store_1
2024-01-04,63.72,0,store_1
2024-01-05,75.45,0,store_1
2024-01-06,68.78,0,store_1
2024-01-07,57.24,0,store_1
2024-01-08,74.68,0,store_1
2024-01-09,74.63,0,store_1
2024-01-10,81.44,0,store_1
2024-01-11,77.23,0,store_1
2024-01-12,67.01,0,store_1
2024-01-13,59.88,0,store_1
2024-01-14,62.21,0,store_1
2024-01-15,67.63,0,store_1
2024-01-16,74.83,0,store_1
2024-01-17,81.77,0,store_1
2024-01-18,73.3,0,store_1
2024-01-19,74.19,0,store_1
2024-01-20,73.63,0,store_1
2024-01-21,64.66,0,store_1
2024-01-22,76.57,0,store_1
2024-01-23,85.8,0,store_1
2024-01-24,87.78,0,store_1
2024-01-25,80.47,0,store_1
2024-01-26,76.65,0,store_1
2024-01-27,70.26,0,store_1
2024-01-28,62.79,0,store_1
2024-01-29,82.56,0,store_1
2024-01-30,90.77,0,store_1
2024-01-31,81.56,0,store_1
2024-02-01,82.36,0,store_1
2024-02-02,78.31,0,store_1
2024-02-03,68.25,0,store_1
2024-02-04,77.62,0,store_1
2024-02-05,94.13,0,store_1
2024-02-06,81.41,0,store_1
2024-02-07,79.18,0,store_1
2024-02-08,86.16,0,store_1
2024-02-09,80.43,0,store_1
2024-02-10,69.75,0,store_1
2024-02-11,81.66,0,store_1
2024-02-12,72.31,0,store_1
2024-02-13,93.77,0,store_1
2024-02-14,86.59,0,store_1
2024-02-15,97.79,0,store_1
2024-02-16,90.06,0,store_1
2024-02-17,68.12,0,store_1
2024-02-18,71.4,0,store_1
2024-02-19,88.32,0,store_1
2024-02-20,87.83,0,store_1
2024-02-21,92.46,0,store_1
2024-02-22,87.81,0,store_1
2024-02-23,67.0,0,store_1
2024-02-24,73.84,0,store_1
2024-02-25,71.85,0,store_1
2024-02-26,80.8,0,store_1
2024-02-27,102.87,0,store_1
2024-02-28,84.9,0,store_1
2024-02-29,94.89,0,store_1
2024-03-01,78.66,0,store_1
2024-03-02,73.42,0,store_1
2024-03-03,82.11,0,store_1
2024-03-04,87.71,0,store_1
2024-03-05,97.85,0,store_1
2024-03-06,103.16,0,store_1
2024-03-07,87.95,0,store_1
2024-03-08,77.55,0,store_1
2024-03-09,69.48,0,store_1
2024-03-10,73.04,0,store_1
2024-03-11,106.84,0,store_1
2024-03-12,104.13,0,store_1
2024-03-13,86.38,0,store_1
2024-03-14,81.68,0,store_1
2024-03-15,85.59,0,store_1
2024-03-16,80.23,0,store_1
2024-03-17,82.45,0,store_1
2024-03-18,85.48,0,store_1
2024-03-19,94.59,0,store_1
2024-03-20,100.24,0,store_1
2024-03-21,219.44,1,store_1
2024-03-22,68.31,0,store_1
2024-03-23,76.01,0,store_1
2024-03-24,74.12,0,store_1
2024-03-25,89.07,0,store_1
2024-03-26,119.1,0,store_1
2024-03-27,101.13,0,store_1
2024-03-28,90.26,0,store_1
2024-03-29,89.62,0,store_1
2024-03-30,80.79,0,store_1
2024-03-31,82.54,0,store_1
2024-04-01,92.43,0,store_1
2024-04-02,112.32,0,store_1
2024-04-03,89.61,0,store_1
2024-04-04,96.32,0,store_1
2024-04-05,77.43,0,store_1
2024-04-06,81.37,0,store_1
2024-04-07,74.07,0,store_1
2024-04-08,85.28,0,store_1
2024-04-09,94.21,0,store_1
2024-04-10,106.2,0,store_1
2024-04-11,99.58,0,store_1
2024-04-12,75.23,0,store_1
2024-04-13,78.14,0,store_1
2024-04-14,75.28,0,store_1
2024-04-15,79.17,0,store_1
2024-04-16,94.57,0,store_1
2024-04-17,95.79,0,store_1
2024-04-18,110.4,0,store_1
2024-04-19,86.12,0,store_1
2024-04-20,68.94,0,store_1
2024-04-21,75.85,0,store_1
2024-04-22,94.75,0,store_1
2024-04-23,185.62,1,store_1
2024-04-24,85.26,0,store_1
2024-04-25,78.06,0,store_1
2024-04-26,95.06,0,store_1
2024-04-27,171.84,1,store_1
2024-04-28,73.38,0,store_1
2024-04-29,90.62,0,store_1
2024-04-30,74.91,0,store_1
2024-05-01,96.83,0,store_1
2024-05-02,93.44,0,store_1
2024-05-03,87.97,0,store_1
2024-05-04,70.0,0,store_1
2024-05-05,78.59,0,store_1
2024-05-06,79.62,0,store_1
2024-05-07,95.81,0,store_1
2024-05-08,88.86,0,store_1
2024-05-09,87.05,0,store_1
2024-05-10,74.48,0,store_1
2024-05-11,79.15,0,store_1
2024-05-12,82.35,0,store_1
2024-05-13,83.26,0,store_1
2024-05-14,92.91,0,store_1
2024-05-15,83.44,0,store_1
2024-05-16,86.57,0,store_1
2024-05-17,79.42,0,store_1
2024-05-18,89.64,0,store_1
2024-05-19,69.12,0,store_1
2024-05-20,93.31,0,store_1
2024-05-21,98.4,0,store_1
2024-05-22,94.92,0,store_1
2024-05-23,99.48,0,store_1
2024-05-24,80.71,0,store_1
2024-05-25,75.08,0,store_1
2024-05-26,74.21,0,store_1
2024-05-27,90.04,0,store_1
2024-05-28,97.3,0,store_1
2024-05-29,86.53,0,store_1
2024-05-30,76.52,0,store_1
2024-05-31,75.61,0,store_1
2024-06-01,66.81,0,store_1
2024-06-02,72.66,0,store_1
2024-06-03,88.3,0,store_1
2024-06-04,84.41,0,store_1
2024-06-05,88.88,0,store_1
2024-06-06,84.12,0,store_1
2024-06-07,80.31,0,store_1
2024-06-08,57.27,0,store_1
2024-06-09,67.95,0,store_1
2024-06-10,79.88,0,store_1
2024-06-11,93.85,0,store_1
2024-06-12,83.72,0,store_1
2024-06-13,69.52,0,store_1
2024-06-14,77.09,0,store_1
2024-06-15,64.71,0,store_1
2024-06-16,63.08,0,store_1
2024-06-17,72.83,0,store_1
2024-06-18,82.31,0,store_1
2024-06-19,80.89,0,store_1
2024-06-20,65.69,0,store_1
2024-06-21,76.75,0,store_1
2024-06-22,73.23,0,store_1
2024-06-23,71.48,0,store_1
2024-06-24,67.89,0,store_1
2024-06-25,80.07,0,store_1
2024-06-26,82.75,0,store_1
2024-06-27,81.4,0,store_1
2024-06-28,73.44,0,store_1
2024-06-29,60.89,0,store_1
2024-06-30,66.56,0,store_1
2024-07-01,75.34,0,store_1
2024-07-02,88.41,0,store_1
2024-07-03,85.08,0,store_1
2024-07-04,80.33,0,store_1
2024-07-05,68.26,0,store_1
2024-07-06,70.01,0,store_1
2024-07-07,66.4,0,store_1
2024-07-08,65.8,0,store_1
2024-07-09,85.63,0,store_1
2024-07-10,82.67,0,store_1
2024-07-11,70.84,0,store_1
2024-07-12,63.38,0,store_1
2024-07-13,62.59,0,store_1
2024-07-14,64.8,0,store_1
2024-07-15,69.76,0,store_1
2024-07-16,76.67,0,store_1
2024-07-17,86.43,0,store_1
2024-07-18,77.48,0,store_1
2024-07-19,65.02,0,store_1
2024-07-20,63.88,0,store_1
2024-07-21,100.56,1,store_1
2024-07-22,68.86,0,store_1
2024-07-23,83.22,0,store_1
2024-07-24,72.65,0,store_1
2024-07-25,64.66,0,store_1
2024-07-26,59.0,0,store_1
2024-07-27,52.72,0,store_1
2024-07-28,55.32,0,store_1
2024-07-29,62.96,0,store_1
2024-07-30,62.74,0,store_1
2024-07-31,71.99,0,store_1
2024-08-01,72.33,0,store_1
2024-08-02,56.15,0,store_1
2024-08-03,63.01,0,store_1
2024-08-04,59.79,0,store_1
2024-08-05,68.35,0,store_1
2024-08-06,65.19,0,store_1
2024-08-07,74.79,0,store_1
2024-08-08,59.96,0,store_1
2024-08-09,63.18,0,store_1
2024-08-10,55.49,0,store_1
2024-08-11,58.45,0,store_1
2024-08-12,55.76,0,store_1
2024-08-13,62.29,0,store_1
2024-08-14,71.54,0,store_1
2024-08-15,59.23,0,store_1
2024-08-16,59.69,0,store_1
2024-08-17,47.59,0,store_1
2024-08-18,58.37,0,store_1
2024-08-19,54.2,0,store_1
2024-08-20,68.46,0,store_1
2024-08-21,70.09,0,store_1
2024-08-22,59.19,0,store_1
2024-08-23,58.93,0,store_1
2024-08-24,53.39,0,store_1
2024-08-25,51.21,0,store_1
2024-08-26,54.15,0,store_1
2024-08-27,54.16,0,store_1
2024-08-28,67.27,0,store_1
2024-08-29,53.79,0,store_1
2024-08-30,55.68,0,store_1
2024-08-31,50.27,0,store_1
2024-09-01,55.43,0,store_1
2024-09-02,56.49,0,store_1
2024-09-03,61.52,0,store_1
2024-09-04,68.15,0,store_1
2024-09-05,62.14,0,store_1
2024-09-06,55.8,0,store_1
2024-09-07,52.5,0,store_1
2024-09-08,45.47,0,store_1
2024-09-09,60.57,0,store_1
2024-09-10,65.42,0,store_1
2024-09-11,58.42,0,store_1
2024-09-12,58.64,0,store_1
2024-09-13,53.65,0,store_1
2024-09-14,49.53,0,store_1
2024-09-15,52.7,0,store_1
2024-09-16,63.06,0,store_1
2024-09-17,67.18,0,store_1
2024-09-18,56.46,0,store_1
2024-09-19,62.32,0,store_1
2024-09-20,59.14,0,store_1
2024-09-21,51.3,0,store_1
2024-09-22,55.5,0,store_1
2024-09-23,65.37,0,store_1
2024-09-24,66.62,0,store_1
2024-09-25,117.32,1,store_1
2024-09-26,64.15,0,store_1
2024-09-27,53.96,0,store_1
2024-09-28,49.79,0,store_1
2024-09-29,49.57,0,store_1
2024-09-30,63.35,0,store_1
2024-10-01,57.58,0,store_1
2024-10-02,70.67,0,store_1
2024-10-03,61.7,0,store_1
2024-10-04,47.5,0,store_1
2024-10-05,51.33,0,store_1
2024-10-06,42.61,0,store_1
2024-10-07,59.41,0,store_1
2024-10-08,154.23,1,store_1
2024-10-09,60.34,0,store_1
2024-10-10,60.32,0,store_1
2024-10-11,62.32,0,store_1
2024-10-12,48.24,0,store_1
2024-10-13,47.3,0,store_1
2024-10-14,63.89,0,store_1
2024-10-15,72.41,0,store_1
2024-10-16,64.05,0,store_1
2024-10-17,65.31,0,store_1
2024-10-18,60.41,0,store_1
2024-10-19,47.9,0,store_1
2024-10-20,116.08,1,store_1
2024-10-21,63.63,0,store_1
2024-10-22,72.07,0,store_1
2024-10-23,67.94,0,store_1
2024-10-24,57.07,0,store_1
2024-10-25,64.28,0,store_1
2024-10-26,49.6,0,store_1
2024-10-27,51.88,0,store_1
2024-10-28,60.61,0,store_1
2024-10-29,72.77,0,store_1
2024-10-30,70.82,0,store_1
2024-10-31,64.71,0,store_1
2024-11-01,58.71,0,store_1
2024-11-02,53.09,0,store_1
2024-11-03,56.9,0,store_1
2024-11-04,48.11,0,store_1
2024-11-05,64.63,0,store_1
2024-11-06,69.15,0,store_1
2024-11-07,58.22,0,store_1
2024-11-08,59.78,0,store_1
2024-11-09,53.33,0,store_1
2024-11-10,63.69,0,store_1
2024-11-11,69.65,0,store_1
2024-11-12,65.4,0,store_1
2024-11-13,68.8,0,store_1
2024-11-14,65.46,0,store_1
2024-11-15,57.42,0,store_1
2024-11-16,56.59,0,store_1
2024-11-17,53.93,0,store_1
2024-11-18,57.87,0,store_1
2024-11-19,73.37,0,store_1
2024-11-20,140.64,1,store_1
2024-11-21,63.43,0,store_1
2024-11-22,65.74,0,store_1
2024-11-23,54.5,0,store_1
2024-11-24,60.36,0,store_1
2024-11-25,69.88,0,store_1
2024-11-26,71.86,0,store_1
2024-11-27,143.88,1,store_1
2024-11-28,67.04,0,store_1
2024-11-29,62.3,0,store_1
2024-11-30,58.26,0,store_1
2024-12-01,57.42,0,store_1
2024-12-02,66.74,0,store_1
2024-12-03,65.18,0,store_1
2024-12-04,73.33,0,store_1
2024-12-05,70.58,0,store_1
2024-12-06,64.04,0,store_1
2024-12-07,60.01,0,store_1
2024-12-08,62.78,0,store_1
2024-12-09,72.64,0,store_1
2024-12-10,176.79,1,store_1
2024-12-11,74.79,0,store_1
2024-12-12,67.47,0,store_1
2024-12-13,61.95,0,store_1
2024-12-14,60.79,0,store_1
2024-12-15,63.39,0,store_1
2024-12-16,67.87,0,store_1
2024-12-17,71.25,0,store_1
2024-12-18,78.59,0,store_1
2024-12-19,78.31,0,store_1
2024-12-20,73.21,0,store_1
2024-12-21,62.49,0,store_1
2024-12-22,65.21,0,store_1
2024-12-23,69.23,0,store_1
2024-12-24,173.99,1,store_1
2024-12-25,78.59,0,store_1
2024-12-26,83.45,0,store_1
2024-12-27,61.91,0,store_1
2024-12-28,65.65,0,store_1
2024-12-29,71.37,0,store_1
2024-12-30,78.4,0,store_1
2024-12-31,103.2,0,store_1
